{"mask": 1.0, "health": 2.0, "omicron": 4.0, "virus": 3.3333333333333335, "mandatory": 5.999999999999999, "mandate": 3.0, "test": "inf", "spread": 7.0, "workers": 1.0, "variant": "inf", "all tweets": 3.375}