{"omicron": 1.1428571428571428, "variant": 0.5, "coronavirus": 0.5, "symptoms": 2.0, "africa": "inf", "virus": 0.5, "health": 1.0, "mild": 1.5, "infected": 1.0, "infection": 0.5, "all tweets": 1.1052631578947367}