{"SV": {"negative": 0.25, "neutral": 0.5238095238095238, "positive": 0.2261904761904762}, "VA": {"negative": 0.5253164556962026, "neutral": 0.16772151898734178, "positive": 0.3069620253164557}, "RE": {"negative": 0.4909090909090909, "neutral": 0.36363636363636365, "positive": 0.14545454545454545}, "PO": {"negative": 0.8666666666666667, "neutral": 0.08, "positive": 0.05333333333333334}, "CU": {"negative": 0.5821917808219178, "neutral": 0.2808219178082192, "positive": 0.136986301369863}}