{"booster": 0.4444444444444444, "omicron": 2.25, "virus": 3.666666666666667, "shot": 1.75, "mrna": 2.5, "die": 5.5, "unvaccinated": 0.7142857142857143, "deaths": 1.4999999999999998, "health": 0.8333333333333334, "effects": 1.3333333333333335, "all tweets": 1.711340206185567}